,Author,Title
0,Weezer, Africa
1,Arctic Monkeys, Four Out of Five
2,Teyana Taylor, Gonna Love Me
3,The Beths, Happy Unhappy
4,Playboi Carti feat. Nicki Minaj, Poke It Out
5,Willie Nelson, Bad Breath
6,Iceage, Thieves Like Us
7,Nicki Minaj, Barbie Dreams
8,King Princess, 1950
9,Troye Sivan, Animal
10,Yella Beezy featuring Lil Baby, Up One Remix
11,Childish Gambino, This Is America
12,BTS, Fake Love
13,Low Cut Connie, Beverly
14,Christine and the Queens, Doesn’t Matter
15,Rosalía, Pienso En Tu Mirá (Cap. 3: Celos)
16,Hop Along, How Simple
17,Robyn, Ever Again
18,Hayley Kiyoko, Curious
19,Lil Baby feat. Gunna, Drip Too Hard
20,Lucy Dacus, Night Shift
21,Pistol Annies, Best Years of My Life
22,Stephen Malkmus & the Jicks, Middle America
23,Tove Styrke, Changed My Mind
24,Carly Rae Jepsen, Party for One
25,Mitski, A Pearl
26,The Carters, Ape Shit
27,Christina Aguilera, Unless It’s With You
28,Karol G, Mi Cama
29,Kurt Vile, Bassackwards
30,The 1975, Love It If We Made It
31,J Balvin and Nicky Jam, X
32,Shawn Mendes, Nervous
33,Eric Church, Desperate Man
34,Ariana Grande, Thank U
35,Kacey Musgraves, High Horse
36,Sheck Wes, Mo Bamba
37,Snail Mail, Pristine
38,Taylor Swift, Delicate
39,Nio García, Casper Mágico
40,Travis Scott, Sicko Mode
41,Janelle Monae, Make Me Feel
42,Paul McCartney, Come on to Me
43,Courtney Barnett, Charity
44,Lana Del Rey, Mariners Apartment Complex
45,Drake, Nice For What
46,Camila Cabello, Never Be the Same
47,Cardi B, I Like It
48,Lady Gaga and Bradley Cooper, Shallow
49,Drake, In My Feelings
50,Bruce Springsteen,Fire
51,Bruce Springsteen,American Land
52,Bruce Springsteen,Brothers Under the Bridge
53,Bruce Springsteen,County Fair
54,Bruce Springsteen,Long Walk Home
55,Bruce Springsteen,All That Heaven Will Allow
56,Bruce Springsteen,If I Was the Priest
57,Bruce Springsteen,The E Street Shuffle
58,Bruce Springsteen,Sad Eyes
59,Bruce Springsteen,Ramrod
60,Bruce Springsteen,Back in Your Arms
61,Bruce Springsteen,Blinded by the Light
62,Bruce Springsteen,Devils & Dust
63,Bruce Springsteen,Bobby Jean
64,Bruce Springsteen,Restless Nights
65,Bruce Springsteen,Fade Away
66,Bruce Springsteen,Pink Cadillac
67,Bruce Springsteen,Lonesome Day
68,Bruce Springsteen,Drive All Night
69,Bruce Springsteen,Night
70,Bruce Springsteen,Out in the Street
71,Bruce Springsteen,The Ties That Bind
72,Bruce Springsteen,My Hometown
73,Bruce Springsteen,Two Faces
74,Bruce Springsteen,Roulette
75,Bruce Springsteen,We Are Alive
76,Bruce Springsteen,Johnny Bye Bye
77,Bruce Springsteen,Rocky Ground
78,Bruce Springsteen,Gypsy Biker
79,Bruce Springsteen,Jack of All Trades
80,Bruce Springsteen,Better Days
81,Bruce Springsteen,Cadillac Ranch
82,Bruce Springsteen,Your Own Worst Enemy
83,Bruce Springsteen,Seeds
84,Bruce Springsteen,Glory Days
85,Bruce Springsteen,Walk Like a Man
86,Bruce Springsteen,American Skin (41 Shots)
87,Bruce Springsteen,She’s the One
88,Bruce Springsteen,Radio Nowhere
89,Bruce Springsteen,Point Blank
90,Bruce Springsteen,You’re Missing
91,Bruce Springsteen,Reason to Believe
92,Bruce Springsteen,Loose Ends
93,Bruce Springsteen,Girls in Their Summer Clothes
94,Bruce Springsteen,Lucky Town
95,Bruce Springsteen,Independence Day
96,Bruce Springsteen,Streets of Fire
97,Bruce Springsteen,Hungry Heart
98,Bruce Springsteen,I’m Goin’ Down
99,Bruce Springsteen,One Step Up
100,Aretha Franklin,Jump to It (1982)
101,Aretha Franklin,Try a Little Tenderness (1962)
102,Aretha Franklin,Rolling in the Deep (The Aretha Version) (2014)
103,Aretha Franklin,Spanish Harlem (1971)
104,Aretha Franklin,A Rose Is Still a Rose (1998)
105,Aretha Franklin,People Get Ready (1968)
106,Aretha Franklin,First Snow in Kokomo (1972)
107,Aretha Franklin,Who’s Zoomin’ Who? (1985)
108,Aretha Franklin,Soul Serenade (1967)
109,Aretha Franklin,See Saw (1968)
110,Aretha Franklin,Dr. Feelgood (Love Is a Serious Business) (1967)
111,Aretha Franklin,Jumpin’ Jack Flash (1986)
112,Aretha Franklin,Good to Me As I Am to You (1968)
113,Aretha Franklin,Day Dreaming (1972)
114,Aretha Franklin,Wholy Holy (1972)
115,Aretha Franklin,"Aretha Franklin and George Michael, I Knew You Were Waiting (For Me) (1987)"
116,Aretha Franklin,I Say a Little Prayer (1968)
117,Aretha Franklin,Freeway of Love (1985)
118,Aretha Franklin,Are You Sure (1961)
119,Aretha Franklin,Oh Me Oh My (I’m a Fool for You Baby) (1971)
120,Aretha Franklin,Until You Come Back to Me (That’s What I’m Gonna Do) (1974)
121,Aretha Franklin,A Deeper Love (1994)
122,Aretha Franklin,Skylark (1963)
123,Aretha Franklin,One Step Ahead (1965)
124,Aretha Franklin,Call Me (1970)
125,Aretha Franklin,The House That Jack Built (1968)
126,Aretha Franklin,Lean On Me (1971)
127,Aretha Franklin,Angel (1973)
128,Aretha Franklin,A Change Is Gonna Come (1967)
129,Aretha Franklin,Night Life (1967)
130,Aretha Franklin,Eleanor Rigby (1969)
131,Aretha Franklin,Something He Can Feel (1976)
132,Aretha Franklin,United Together (1980)
133,Aretha Franklin,"Young, Gifted and Black (1972)"
134,Aretha Franklin,"Eurythmics and Aretha Franklin, Sisters Are Doin’ It for Themselves (1985)"
135,Aretha Franklin,(Sweet Sweet Baby) Since You’ve Been Gone (1968)
136,Aretha Franklin,Spirit in the Dark (1970)
137,Aretha Franklin,"Mary, Don’t You Weep (1972)"
138,Aretha Franklin,Drown in My Own Tears (1967)
139,Aretha Franklin,The Weight (1969)
140,Aretha Franklin,Rock Steady (1971)
141,Aretha Franklin,Bridge Over Troubled Water (1971)
142,Aretha Franklin,Baby I Love You (1967)
143,Aretha Franklin,"Do Right Woman, Do Right Man (1967)"
144,Aretha Franklin,Amazing Grace (1972)
145,Aretha Franklin,Chain of Fools (1967)
146,Aretha Franklin,(You Make Me Feel Like) A Natural Woman (1967)
147,Aretha Franklin,Think (1968)
148,Aretha Franklin,I Never Loved a Man (The Way I Love You) (1967)
149,Aretha Franklin,Respect (1967)
150,The Foo Fighters, Walking After You
151,Mase feat. Total, What You Want
152,Semisonic, Closing Time
153,Iggy Pop and Françoise Hardy, I’ll Be Seeing You
154,Foxy Brown, Hot Spot
155,The Donnas, Rock & Roll Machine
156,Spoon, Metal Detektor
157,The Spice Girls, Stop
158,Korea Girl, Under the Sun
159,Willie Nelson, Darkness on the Face of the Earth
160,Next, Too Close
161,The Drive-By Truckers, The Living Bubba
162,Saint Etienne, Lose That Girl
163,True Love Always, Spring Collection
164,Maxwell, Everwanting: To Want You to Want
165,Mono, Life in Mono
166,Black Box Recorder, It’s Only the End of the World
167,The Rondelles, Safety in Numbers
168,Hall & Oates, Promise Ain’t Enough
169,Total, Trippin'
170,Savage Garden, Truly Madly Deeply
171,Sarah McLachlan, Sweet Surrender
172,Master P, Make ‘Em Say Uhh!
173,Everclear, I Will Buy You a New Life
174,Kahimi Karie, Watashi No Jinsei
175,PJ Harvey, Is This Desire?
176,Deborah Cox, Nobody’s Supposed to Be Here
177,Quickspace, Hadid
178,All Saints, Never Ever
179,Liz Phair, Johnny Feelgood
180,Third Eye Blind, Losing a Whole Year
181,Brandy, Almost Doesn’t Count
182,The Gerbils, Crayon Box
183,Mogwai, Small Children in the Background
184,Backstreet Boys, Everybody (Backstreet’s Back)
185,Silkk the Shocker, It Ain’t My Fault
186,The Boredoms, Super Shine
187,Hanson, Weird
188,Julie Ruin, Radical or Pro-Parental
189,Buffalo Daughter, Socks
190,Lord Tariq & Peter Gunz, Deja Vu (Uptown Baby)
191,Belle & Sebastian, This Is Just a Modern Rock Song
192,Sheryl Crow, My Favorite Mistake
193,Stardust, Music Sounds Better With You
194,Chocolate Genius, My Mom
195,Elvis Costello and Burt Bacharach, Toledo
196,Juvenile, Ha
197,The Dixie Chicks, There’s Your Trouble
198,Fatboy Slim, The Rockafeller Skank
199,Cher, Believe
200,21 Savage, Bank Account
201,Haim, Want You Back
202,YFN Lucci feat. PnB Rock, Everyday We Lit
203,Willie Nelson, Delete and Fast Forward
204,Laura Marling, Wild Fire
205,Miley Cyrus, Malibu
206,Carly Rae Jepsen, Cut to the Feeling
207,Big Thief, Shark Smile
208,Kodak Black, Tunnel Vision
209,Kamasi Washington, Truth
210,Fergie feat. Nicki Minaj, You Already Know
211,Dan Auerbach, Waiting on a Song
212,Gorillaz feat. Popcaan, Saturnz Barz
213,Lindsey Buckingham/Christine McVie, In My World
214,Dvsn, Mood
215,Dirty Projectors, Up in Hudson
216,Dua Lipa feat. Miguel, Lost in Your Light
217,Lil Yachty feat. Diplo, Forever Young
218,Margo Price, Pay Gap
219,Craig Finn, God in Chicago
220,Jidenna, Bambi
221,J Balvin and Willy William, Mi Gente
222,Charly Bliss, Glitter
223,Calvin Harris feat. Frank Ocean, Migos
224,Tee Grizzley, First Day Out
225,Superorganism, Something For Your M.I.N.D.
226,DJ Khaled feat. Rihanna, Bryson Tiller
227,Charli XCX, Boys
228,Spoon, Hot Thoughts
229,Arcade Fire, Everything Now
230,Taylor Swift, Call It What You Want
231,Diet Cig, Sixteen
232,Beck, Dear Life
233,Lil Uzi Vert, XO Tour Llif3
234,Julia Michaels, Uh Huh
235,Drake, Passionfruit
236,LCD Soundsystem, Call the Police
237,Ed Sheeran, Shape of You
238,Selena Gomez, Bad Liar
239,Tove Styrke, Say My Name
240,Future, Mask Off
241,Lana Del Rey feat. the Weeknd, Lust for Life
242,Portugal. The Man, Feel It Still
243,Luis Fonsi and Daddy Yankee feat. Justin Bieber, Despacito
244,Migos feat. Lil Uzi Vert, Bad and Boujee
245,U2, Lights of Home
246,Cardi B, Bodak Yellow
247,Kendrick Lamar, Humble.
248,Lorde, Homemade Dynamite
249,Harry Styles, Sign of the Times
250,Tom Petty,It’ll All Work Out
251,Tom Petty,I Should Have Known It
252,Tom Petty,The Best of Everything
253,Tom Petty,A Higher Place
254,Tom Petty,Crystal River
255,Tom Petty,Waiting for Tonight
256,Tom Petty,Peace in L.A.
257,Tom Petty,Yer So Bad
258,Tom Petty,Square One
259,Tom Petty,Rebels
260,Tom Petty,Last Night
261,Tom Petty,Casa Dega
262,Tom Petty,Love Is a Long Road
263,Tom Petty,Shadow of a Doubt (A Complex Kid)
264,Tom Petty,Tweeter and the Monkey Man
265,Tom Petty,Dreamville
266,Tom Petty,Two Gunslingers
267,Tom Petty,Hometown Blues
268,Tom Petty,Lonesome Sundown
269,Tom Petty,American Dream Plan B
270,Tom Petty,"The Wild One, Forever"
271,Tom Petty,Echo
272,Tom Petty,Straight Into Darkness
273,Tom Petty,Insider
274,Tom Petty,Scare Easy
275,Tom Petty,Jammin’ Me
276,Tom Petty,You Wreck Me
277,Tom Petty,You Got Lucky
278,Tom Petty,Learning to Fly
279,Tom Petty,Change of Heart
280,Tom Petty,You Don’t Know How It Feels
281,Tom Petty,Even the Losers
282,Tom Petty,Southern Accents
283,Tom Petty,Mary Jane’s Last Dance
284,Tom Petty,Here Comes My Girl
285,Tom Petty,Stop Draggin’ My Heart Around
286,Tom Petty,Walls (Circus)
287,Tom Petty,Don’t Do Me Like That
288,Tom Petty,Into the Great Wide Open
289,Tom Petty,I Need to Know
290,Tom Petty,I Won’t Back Down
291,Tom Petty,Room at the Top
292,Tom Petty,Breakdown
293,Tom Petty,The Waiting
294,Tom Petty,Runnin’ Down a Dream
295,Tom Petty,Listen to Her Heart
296,Tom Petty,Free Fallin'
297,Tom Petty,Don’t Come Around Here No More
298,Tom Petty,Refugee
299,Tom Petty,American Girl
300,The Smiths,Accept Yourself (1983)
301,The Smiths,Barbarism Begins at Home (1985)
302,The Smiths,Paint a Vulgar Picture (1987)
303,The Smiths,Meat Is Murder (1985)
304,The Smiths,Work Is a Four-Letter Word (1987)
305,The Smiths,I Keep Mine Hidden (1987)
306,The Smiths,Golden Lights (1986)
307,The Smiths,Back to the Old House (1984)
308,The Smiths,Death at One’s Elbow (1987)
309,The Smiths,Money Changes Everything (1986)
310,The Smiths,Well I Wonder (1985)
311,The Smiths,The Draize Train (1986)
312,The Smiths,What’s the World (1985)
313,The Smiths,Oscillate Wildly (1985)
314,The Smiths,Girl Afraid (1984)
315,The Smiths,Jeane (1983)
316,The Smiths,Asleep (1985)
317,The Smiths,Wonderful Woman (1983)
318,The Smiths,Suffer Little Children (1984)
319,The Smiths,I Won’t Share You (1987)
320,The Smiths,Miserable Lie (1984)
321,The Smiths,Rusholme Ruffians (1985)
322,The Smiths,This Night Has Opened My Eyes (1985)
323,The Smiths,I Don’t Owe You Anything (1984)
324,The Smiths,Vicar in a Tutu (1986)
325,The Smiths,Sweet and Tender Hooligan (1987)
326,The Smiths,These Things Take Time (1984)
327,The Smiths,The Hand That Rocks the Cradle (1984)
328,The Smiths,Unhappy Birthday (1987)
329,The Smiths,Nowhere Fast (1985)
330,The Smiths,Pretty Girls Make Graves (1984)
331,The Smiths,I Started Something I Couldn’t Finish (1987)
332,The Smiths,Never Had No One Ever (1986)
333,The Smiths,Rubber Ring (1985)
334,The Smiths,The Headmaster Ritual (1985)
335,The Smiths,London (1986)
336,The Smiths,That Joke Isn’t Funny Anymore (1985)
337,The Smiths,A Rush and a Push and the Land Is Ours (1987)
338,The Smiths,I Want the One I Can’t Have (1985)
339,The Smiths,Girlfriend in a Coma (1987)
340,The Smiths,Sheila Take a Bow (1987)
341,The Smiths,Frankly Mr. Shankly (1986)
342,The Smiths,What She Said (1985)
343,The Smiths,Is It Really So Strange? (1986)
344,The Smiths,Unloveable (1986)
345,The Smiths,The Boy With the Thorn in His Side (1985)
346,The Smiths,You’ve Got Everything Now (1984)
347,The Smiths,Shakespeare’s Sister (1985)
348,The Smiths,What Difference Does It Make? (1984)
349,The Smiths,Shoplifters of the World Unite (1987)
350,U2,40
351,U2,Numb
352,U2,Acrobat
353,U2,North and South of the River
354,U2,Sweetest Thing
355,U2,"Hold Me, Thrill Me, Kiss Me, Kill Me"
356,U2,No Line on the Horizon
357,U2,Lemon
358,U2,In a Little While
359,U2,Volcano
360,U2,Love Is Blindness
361,U2,Luminous Times (Hold On to Love)
362,U2,The Electric Co.
363,U2,Drowning Man
364,U2,Desire
365,U2,Until the End of the World
366,U2,Gone
367,U2,Stuck in a Moment You Can’t Get Out Of
368,U2,City of Blinding Lights
369,U2,Discothèque
370,U2,Breathe
371,U2,11 O’clock Tick Tock
372,U2,Ultra Violet (Light My Way)
373,U2,The Unforgettable Fire
374,U2,Vertigo
375,U2,All I Want Is You
376,U2,"Stay (Faraway, So Close!)"
377,U2,Mofo
378,U2,A Sort of Homecoming
379,U2,Bullet the Blue Sky
380,U2,Out of Control
381,U2,Running to Stand Still
382,U2,Gloria
383,U2,Walk On
384,U2,Zooropa
385,U2,Mysterious Ways
386,U2,Please
387,U2,Every Breaking Wave
388,U2,Pride (In the Name of Love)
389,U2,New Year’s Day
390,U2,Even Better Than the Real Thing
391,U2,I Will Follow
392,U2,Moment of Surrender
393,U2,With or Without You
394,U2,Where the Streets Have No Name
395,U2,Bad
396,U2,Sunday Bloody Sunday
397,U2,Beautiful Day
398,U2,I Still Haven’t Found What I’m Looking For
399,U2,One
400,L’Trimm, Cars With the Boom
401,Lil Jon and the East Side Boyz feat. Ying Yang Twins, Get Low
402,M.I.A., Paper Planes
403,Jay Z and Alicia Keys, Empire State of Mind
404,Brand Nubian, Slow Down
405,Bone Thugs-N-Harmony, Tha Crossroads
406,Missy ‘Misdemeanor’ Elliott, The Rain (Supa Dupa Fly)
407,Souls of Mischief, 93 ’til Infinity
408,B.G. feat. Big Tymers and Hot Boys, Bling Bling
409,Rick Ross feat. Styles P, B.M.F. (Blowin’ Money Fast)
410,Biz Markie, Just a Friend
411,UGK feat. Outkast, Int’l Players Anthem (I Choose You)
412,MC Shan, The Bridge
413,Digital Underground, The Humpty Dance
414,Jermaine Dupri feat. Jay Z, Money Ain’t a Thang
415,Roxanne Shanté, Roxanne’s Revenge
416,U.T.F.O., Roxanne
417,Too $hort, Freaky Tales
418,Raekwon feat. Ghostface Killah, Method Man
419,Nas, It Ain’t Hard to Tell
420,Naughty by Nature, O.P.P.
421,Rammellzee and K-Rob, Beat Bop
422,Ultramagnetic MC’s, Ego Trippin'
423,A Tribe Called Quest, Can I Kick It?
424,Slick Rick, Children’s Story
425,M.O.P., Ante Up (Robbing-Hoodz Theory)
426,Gang Starr, Mass Appeal
427,Outkast, Ms. Jackson
428,Wu-Tang Clan, Protect Ya Neck
429,Jay Z and Kanye West, Ni**as in Paris
430,Ol’ Dirty Bastard, Brooklyn Zoo
431,Kanye West feat. Jay Z, Rick Ross
432,Dead Prez, Hip-Hop
433,T.I., What You Know
434,Ice T, 6 ‘n the Mornin'
435,Lil Wayne, A Milli
436,Sir Mix-A-Lot, Baby Got Back
437,Black Sheep, The Choice Is Yours (Revisited)
438,Cypress Hill, How I Could Just Kill a Man
439,Dr. Dre feat. Snoop Doggy Dogg, Deep Cover
440,Beastie Boys, Hold It
441,Doug E. Fresh and the Get Fresh Crew, The Show
442,Eminem feat. Dido, Stan
443,The Pharcyde, Passin’ Me By
444,Clipse, Grindin
445,Grandmaster and Melle Mel, White Lines (Don’t Don’t Do It)
446,Snoop Doggy Dogg, Gin and Juice
447,Run-DMC, King of Rock
448,The Notorious B.I.G., Big Poppa
449,Public Enemy, Bring the Noise
450,Van Morrison, Going Down to Bangor
451,Nicki Minaj, Black Barbies
452,Sturgill Simpson, Keep It Between the Lines
453,D.R.A.M. feat. Lil Yachty, Broccoli
454,Helado Negro, Runaround
455,Car Seat Headrest, Drunk Drivers/Killer Whales
456,Desiigner, Tiimmy Turner
457,Free Cake for Every Creature, All You Gotta Be When You’re 23 Is Yourself
458,Bob Mould, Voices in My Head
459,Yohuna, The Moon Hangs in the Sky Like Nothing Hangs in the Sky
460,Lil Uzi Vert, Original Uzi (4 of Us)
461,Paul Simon, Cool Papa Bell
462,Maren Morris, 80s Mercedes
463,Tacocat, Night Swimming
464,Drive-By Truckers, Ever South
465,Japanese Breakfast, Everybody Wants to Love You
466,Britney Spears, Clumsy
467,Mitski, Your Best American Girl
468,Kodak Black, Everything 1K
469,Miranda Lambert, Vice
470,A Tribe Called Quest, The Space Program
471,Cobalt, Beast Whip
472,Lady Gaga, Perfect Illusion
473,Angel Olsen, Sister
474,Vince Staples, War Ready
475,Leonard Cohen, Treaty
476,Courtney Barnett, Three Packs a Day
477,Little Big Town, Better Man
478,Ariana Grande feat. Nicki Minaj, Side to Side
479,21 Savage & Metro Boomin feat. Future, X
480,Bob Dylan, That Old Black Magic
481,Danny Brown feat. Kendrick Lamar, Ab-Soul
482,The Monkees, Me & Magdalena
483,Lucy Dacus, I Don’t Wanna Be Funny Anymore
484,Chance the Rapper feat. Saba, Angels
485,Kendrick Lamar, Untitled 05 | 09.21.2014.
486,Mannequin Pussy, Romantic
487,Wilco, If I Ever Was a Child
488,Red Hot Chili Peppers, Dark Necessities
489,Young M.A, Ooouuu
490,Rae Sremmurd feat. Gucci Mane, Black Beatles
491,Lvl Up, Pain
492,Fifth Harmony feat. Ty Dolla $ign, Work From Home
493,Solange, Cranes in the Sky
494,Pwr Bttm, Projection
495,Kanye West, Ultralight Beam
496,David Bowie, No Plan
497,Drake feat. Wizkid, Kyla
498,Frank Ocean, Ivy
499,Beyoncé, Formation
500,Fuzzy, Flashlight (1994)
501,Britney Spears, Sometimes (1999)
502,The Offspring, Self Esteem (1994)
503,Selena, Fotos y Recuerdos (1994)
504,Silver Jews, Random Rules (1998)
505,Lil Kim With Lil Cease, Crush on You (Remix) (1997)
506,Stereolab, Cybele’s Reverie (1996)
507,Supergrass, Alright (1995)
508,Ace of Base, The Sign (1994)
509,Sophie B. Hawkins, Damn I Wish I Was Your Lover (1992)
510,Big Pun Feat. Joe, Still Not a Player (1998)
511,Sebadoh, Brand New Love (1992)
512,Geto Boys, Mind Playing Tricks on Me (1991)
513,New Radicals, You Get What You Give (1998)
514,Portishead, Glory Box (1994)
515,Sheryl Crow, If It Makes You Happy (1996)
516,En Vogue, Don’t Let Go (Love) (1996)
517,Helium, XXX (1994)
518,Foxy Brown With Jay Z, I’ll Be (1996)
519,Underworld, Born Slippy .Nuxx (1996)
520,Sir Mix-A-Lot, Baby Got Back (1992)
521,Fiona Apple, Paper Bag (1999)
522,Weezer, Pink Triangle (1996)
523,Daft Punk, Around the World (1997)
524,Natalie Imbruglia, Torn (1998)
525,Harvey Danger, Flagpole Sitta (1998)
526,Aaliyah, Are You That Somebody (1998)
527,Oasis, Wonderwall (1995)
528,Mobb Deep, Shook Ones Pt. II (1995)
529,Smashing Pumpkins, 1979 (1995)
530,Beck, Loser (1993)
531,Whitney Houston Feat. Faith Evans and Kelly Price, Heartbreak Hotel (1998)
532,Garbage, Queer (1995)
533,Beastie Boys, Sure Shot (1994)
534,Sleater-Kinney, Get Up (1999)
535,Outkast, Rosa Parks (1998)
536,R.E.M. Nightswimming (1992),R.E.M. Nightswimming (1992)
537,Ol’ Dirty Bastard, Brooklyn Zoo (1995)
538,The Breeders, Cannonball (1993)
539,Hole, Doll Parts (1994)
540,TLC, No Scrubs (1999)
541,Liz Phair, Fuck and Run (1993)
542,Pulp, Common People (1995)
543,Missy Misdemeanor Elliott,  The Rain  (Supa Dupa Fly) (1997)
544,Pavement, Gold Soundz (1994)
545,Dr. Dre and Snoop Dogg, Nuthin’ but a ‘G’ Thang (1992)
546,Bikini Kill, Rebel Girl (1993)
547,Notorious B.I.G. With Mase and Puff Daddy, Mo Money  Mo Problems (1997)
548,Blackstreet, No Diggity (1996)
549,Nirvana, Smells Like Teen Spirit (1991)
550,Boris the Spider (‘A Quick One’, 1966)
551,Relax (‘The Who Sell Out’, 1967)
552,Another Tricky Day (‘Face Dances’, 1981)
553,Going Mobile (‘Who’s Next’, 1971)
554,Overture (‘Tommy’, 1969)
555,Bargain (‘Who’s Next’, 1971)
556,Trick of the Light (‘Who Are You’, 1978)
557,I Can’t Reach You (‘The Who Sell Out’, 1967)
558,Let’s See Action (Non-album single, 1971)
559,Young Man Blues (‘Live at Leeds’, 1970)
560,Heaven and Hell (Non-album B-side, 1970)
561,I’m a Boy (Non-album single, 1966)
562,Christmas (‘Tommy’, 1969)
563,Long Live Rock (‘Odds and Sods’, 1974)
564,Slip Kid (‘The Who by Numbers’, 1975)
565,The Acid Queen (‘Tommy’, 1969)
566,However Much I Booze (‘The Who by Numbers’, 1975)
567,Pictures of Lily (Non-album single, 1967)
568,You Better You Bet (‘Face Dances’, 1981)
569,Who Are You (‘Who Are You’, 1978)
570,5:15 (‘Quadrophenia’, 1973)
571,Pure and Easy (‘Odds and Sods’, 1974)
572,Sparks (‘Tommy’, 1969)
573,Happy Jack (Non-album single, 1967)
574,A Legal Matter (‘My Generation’, 1965)
575,How Many Friends (‘The Who by Numbers’, 1975)
576,Sunrise (‘The Who Sell Out’, 1967)
577,Magic Bus (Non-album single, 1968)
578,The Seeker (Non-album single, 1970)
579,My Wife (‘Who’s Next’, 1971)
580,I’m Free (‘Tommy’, 1969)
581,Tattoo (‘The Who Sell Out’, 1967)
582,I’m One (‘Quadrophenia’, 1973)
583,Blue, 1975)
584,So Sad About Us (‘A Quick One’, 1966)
585,The Real Me (‘Quadrophenia’, 1973)
586,The Kids Are Alright (‘My Generation’, 1965)
587,Pinball Wizard (‘Tommy’, 1969)
588,Behind Blue Eyes (‘Who’s Next’, 1971)
589,Substitute (Non-album single, 1966)
590,Eminence Front (‘It’s Hard’, 1982)
591,We’re Not Gonna Take It/See Me, 2001)
592,Getting in Tune (‘Who’s Next’, 1971)
593,I Can’t Explain (Non-album single, 1964)
594,Baba O’Riley (‘Who’s Next’, 1971)
595,Love, 1973)
596,A Quick One,’ 1966)
597,My Generation (‘My Generation’, 1965)
598,I Can See for Miles (‘The Who Sell Out’, 1967)
599,Won’t Get Fooled Again (‘Who’s Next’, 1971)
600,D,)
601,A,)
602,M,)
603,B,)
604,P,)
605,T,)
606,H,)
607,G,)
608,B,)
609,E,)
610,L,)
611,B,)
612,K,)
613,D,)
614,H,)
615,L,)
616,4,)
617,T,)
618,I,)
619,G,)
620,T,)
621,F,)
622,C,)
623,D,)
624,B,)
625,W,)
626,P,)
627,W,)
628,H,)
629,H,)
630,D,)
631,W,)
632,A,)
633,J,)
634,O,)
635,D,)
636,P,)
637,M,)
638,E,)
639,C,)
640,B,)
641,M,)
642,R,)
643,L,)
644,H,)
645,L,)
646,B,)
647,V,)
648,I,)
649,L,)
650,Bob Dylan,Señor (Tales of Yankee Power) (1978)
651,Bob Dylan,John Wesley Harding (1967)
652,Bob Dylan,"Corrina, Corrina (1963)"
653,Bob Dylan,Where Are You Tonight? (Journey Through Dark Heat) (1978)
654,Bob Dylan,"Farewell, Angelina (1991)"
655,Bob Dylan,On a Night Like This (1974)
656,Bob Dylan,Highlands (1997)
657,Bob Dylan,Pay in Blood (2012)
658,Bob Dylan,"Going, Going, Gone (1974)"
659,Bob Dylan,You’re a Big Girl Now (1975)
660,Bob Dylan,The Groom’s Still Waiting at the Altar (1981)
661,Bob Dylan,Changing of the Guards (1978)
662,Bob Dylan,Tombstone Blues (1965)
663,Bob Dylan,Most of the Time (1989)
664,Bob Dylan,Meet Me in the Morning (1975)
665,Bob Dylan,She’s Your Lover Now (1991)
666,Bob Dylan,The Man in Me (1970)
667,Bob Dylan,Nettie Moore (2006)
668,Bob Dylan,One of Us Must Know (Sooner or Later) (1966)
669,Bob Dylan,Series of Dreams (1991)
670,Bob Dylan,Someone’s Got a Hold of My Heart (1991)
671,Bob Dylan,Romance in Durango (1976)
672,Bob Dylan,Absolutely Sweet Marie (1966)
673,Bob Dylan,Tonight I’ll Be Staying Here With You (1969)
674,Bob Dylan,Gates of Eden (1965)
675,Bob Dylan,Sweetheart Like You (1983)
676,Bob Dylan,All I Really Want to Do (1964)
677,Bob Dylan,I’m Not There (2007)
678,Bob Dylan,Rainy Day Women #12 & 35 (1966)
679,Bob Dylan,Most Likely You Go Your Way and I’ll Go Mine (1966)
680,Bob Dylan,To Ramona (1964)
681,Bob Dylan,One More Cup of Coffee (Valley Below) (1976)
682,Bob Dylan,One Too Many Mornings (1964)
683,Bob Dylan,Leopard-Skin Pill-Box Hat (1966)
684,Bob Dylan,Shelter From the Storm (1975)
685,Bob Dylan,Tough Mama (1974)
686,Bob Dylan,Abandoned Love (1985)
687,Bob Dylan,"If You See Her, Say Hello (1975)"
688,Bob Dylan,Queen Jane Approximately (1965)
689,Bob Dylan,"It Takes a Lot to Laugh, It Takes a Train to Cry (1965)"
690,Bob Dylan,Buckets of Rain (1975)
691,Bob Dylan,Million Dollar Bash (1975)
692,Bob Dylan,Percy’s Song (1985)
693,Bob Dylan,Just Like Tom Thumb’s Blues (1965)
694,Bob Dylan,You’re Gonna Make Me Lonesome When You Go (1975)
695,Bob Dylan,If Not for You (1970)
696,Bob Dylan,4th Time Around (1966)
697,Bob Dylan,When I Paint My Masterpiece (1971)
698,Bob Dylan,Tears of Rage (1975)
699,Bob Dylan,Things Have Changed (2000)
700,Titus Andronicus, Dimed Out
701,Carly Rae Jepsen, Run Away With Me
702,Major Lazer feat. Mø, DJ Snake
703,Cage the Elephant, Trouble
704,Kacey Musgraves, Biscuits
705,Rihanna, Bitch Better Have My Money
706,Wolf Alice, Lisbon
707,Mumford and Sons, The Wolf
708,Sheer Mag, Fan the Flames
709,Coldplay, Adventure of a Lifetime
710,Unknown Mortal Orchestra, Can’t Keep Checking My Phone
711,The Weeknd, Earned It
712,A$AP Rocky feat. Rod Stewart, Miguel
713,Blur, Ong Ong
714,Rihanna, Kanye West and Paul McCartney
715,Car Seat Headrest, Something Soon
716,JD McPherson, Let the Good Times Roll
717,EL VY, Return to the Moon (Political Song for Didi Bloome to Sing
718,Disclosure feat. Lorde, Magnets
719,Kurt Vile, Pretty Pimpin'
720,Selena Gomez, Good For You
721,Drake, Know Yourself
722,Eric Church, Mr. Misunderstood
723,Miguel, Coffee
724,Florence and the Machine, Ship to Wreck
725,Dawes, All Your Favorite Bands
726,Chvrches, Leave a Trace
727,Beck, Dreams
728,Donnie Trumpet and the Social Experiment, Sunday Candy
729,Alessia Cara, Here
730,Alabama Shakes, Don’t Wanna Fight
731,Nathaniel Rateliff and the Night Sweats, S.O.B.
732,Lana Del Rey, High by the Beach
733,Tame Impala, Let It Happen
734,Madonna, Ghosttown
735,Grimes, Flesh Without Blood
736,The Arcs, Stay in My Corner
737,Bully, Trying
738,Foals, What Went Down
739,The Weeknd, The Hills
740,Jack Ü feat. Justin Bieber, Where Are Ü Now
741,Tobias Jesso Jr., How Could You Babe
742,Future, Fuck Up Some Commas
743,Kendrick Lamar, King Kunta
744,Adele, Hello
745,Jamie xx feat. Young Thug, Popcaan
746,Courtney Barnett, Pedestrian at Best
747,Drake, Hotline Bling
748,Fetty Wap, Trap Queen
749,The Weeknd, Can’t Feel My Face
750,Ke$ha, We R Who We R
751,Elizabeth Cook, El Camino
752,Das Racist, hahahaha jk?
753,Kid Rock, Born Free
754,MGMT, Congratulations
755,The Rolling Stones, Plundered My Soul
756,Neil Young, Love and War
757,B.o.B. feat. Bruno Mars, Nothing on You
758,Surfer Blood, Floating Vibes
759,Junip, In Every Direction
760,Kanye West, Power
761,The Gaslight Anthem, The Diamond Church Street Choir
762,Spoon, The Mystery Zone
763,Lloyd Banks feat. Juelz Santana, Beamer
764,Drake feat. Nicki Minaj, Up All Night
765,Massive Attack feat. Hope Sandoval, Paradise Circus
766,Gorillaz feat. Mos Def and Bobby Womack, Stylo
767,Wavves, Post Acid
768,Die Antwoord, Enter the Ninja
769,Gil Scott-Heron, I’m New Here
770,Jakob Dylan, Nothing but the Whole Wide World
771,Tom Petty and the Heartbreakers, The Trip to Pirate’s Cove
772,Band of Horses, Laredo
773,The National, Bloodbuzz Ohio
774,Robyn, Dancing on My Own
775,Nicki Minaj, Did It On’em
776,Eminem, Not Afraid
777,Jamey Johnson, Macon
778,Rick Ross feat. Styles P, B.M.F. (Blowin’ Money Fast)
779,Sleigh Bells, Infinity Guitars
780,Best Coast, Boyfriend
781,The New Pornographers, Your Hands (Together)
782,Jenny and Johnny, Scissor Runner
783,LCD Soundsystem, I Can Change
784,Cold War Kids, Coffee Spoon
785,Drake, Over
786,Big Boi feat. Cutty, Shutterbugg
787,The Dead Weather, Hustle and Cuss
788,Mark Ronson and the Business International feat. Q-Tip and MNDR, Bang Bang Bang
789,The Black Keys, Everlasting Light
790,Kanye West feat. Jay-Z, Rick Ross
791,Broken Bells, The Ghost Inside
792,Janelle Monáe feat. Big Boi, Tightrope
793,Vampire Weekend, White Sky
794,Mavis Staples, You Are Not Alone
795,Arcade Fire, We Used to Wait
796,Katy Perry, Teenage Dream
797,Sade, Soldier of Love
798,Cee Lo Green, F**k You
799,Kanye West feat. Pusha T, Runaway
800,Carly Rae Jepsen, ‘Call Me Maybe’
801,Kacey Musgraves, ‘Merry Go Round’
802,Deadmau5, ‘The Veldt’
803,Superchunk, ‘This Summer’
804,Maroon 5 feat. Wiz Khalifa, ‘Payphone’
805,Justin Bieber, ‘Die in Your Arms’
806,The Wanted, ‘Glad You Came’
807,Tanlines, ‘All of Me’
808,The 2 Bears, ‘Bear Hug’
809,Danny Brown, ‘Grown Up’
810,Craig Finn, ‘Rented Room’
811,Dwight Yoakam, ‘A Heart Like Mine’
812,Teen, ‘Better’
813,Muse, ‘Madness’
814,Himanshu, ‘Womyn’
815,Icona Pop, ‘I Love It’
816,Kendrick Lamar, ‘Swimming Pools (Drank)’
817,Miguel, ‘Adorn’
818,Bruce Springsteen, ‘We Take Care Of Our Own’
819,Low Cut Connie, ‘Boozophilia’
820,The Beach Boys, ‘That’s Why God Made The Radio’
821,Grizzly Bear, ‘Yet Again’
822,Grimes, ‘Oblivion’
823,A$AP Rocky, ‘Goldie’
824,The Lumineers, ‘Ho Hey’
825,Psy, ‘Gangnam Style’
826,Japandroids, ‘The House That Heaven Built’
827,Randy Newman, ‘I’m Dreaming’
828,Skrillex feat. Sirah, ‘Bangarang’
829,Donald Fagen, Weather in My Head’
830,Leonard Cohen, ‘Going Home’
831,Beach House, ‘Other People’
832,The Rolling Stones, ‘Doom and Gloom’
833,Kitty Pryde, ‘Okay Cupid’
834,Van Halen, ‘Stay Frosty’
835,Usher, ‘Climax’
836,The Vaccines, ‘Teenage Icon’
837,Mumford & Sons, ‘I Will Wait’
838,Fiona Apple, ‘Hot Knife’
839,fun., ‘Some Nights’
840,First Aid Kit, ‘Emmylou’
841,Bob Dylan, ‘Pay in Blood’
842,Jack White, ‘Sixteen Saltines’
843,Bruce Springsteen, ‘Rocky Ground’
844,Kanye West feat. Big Sean, Pusha T and 2 Chainz
845,Neil Young and Crazy Horse, ‘Ramada Inn’
846,Frank Ocean, ‘Thinkin Bout You’
847,Passion Pit, ‘Take a Walk’
848,Taylor Swift, ‘We Are Never Ever Getting Back Together’
849,Alabama Shakes, ‘Hold On’
850,The Killers, Shot at the Night
851,Lee Ranaldo and the Dust, Leaving
852,MGMT, Your Life is a Lie
853,Darius Rucker, Wagon Wheel
854,No Age, Stimmung
855,Paramore, Still Into You
856,Patty Griffin, Ohio
857,Atoms for Peace, Ingenue
858,Deafheaven, Dream House
859,Nine Inch Nails, Everything
860,Courtney Barnett, Avant-Gardner
861,Eric Church, The Outsiders
862,Eleanor Friedberger, Stare at the Sun
863,Waxahatchee, Brother Bryan
864,Fall Out Boy My Songs Know What You Did In The Dark,Fall Out Boy My Songs Know What You Did In The Dark
865,Phoenix, Trying to Be Cool
866,Janelle Monáe feat. Erykah Badu, Q.U.E.E.N.
867,Black Sabbath, God is Dead?
868,Franz Ferdinand, Treason! Animals.
869,2 Chainz feat. Pharrell, Feds Watching
870,Mystikal, Hit Me
871,Empire of the Sun, Alive
872,Charles Bradley, Victim of Love
873,Jay Z, Tom Ford
874,Major Lazer feat. Bruno Mars, Bubble Butt
875,Mikal Cronin, Shout it Out
876,Chance the Rapper feat. Nate Fox and Lili K, Pusha Man
877,Blood Orange, Chamakay
878,Pearl Jam, Sirens
879,Twin Shadow, Old Love / New Love
880,Neko Case, Man
881,Migos feat. Drake, Versace (Remix)
882,Sam Baker, Ditch
883,Speedy Ortiz, Tiger Tank
884,Albert Hammond Jr., St. Justice
885,Kanye West, I Am a God
886,Yeah Yeah Yeahs, Sacrilege
887,Disclosure feat. AlunaGeorge, White Noise
888,TV on the Radio, Mercy
889,Lorde, White Teeth Teens
890,Sleigh Bells, Young Legends
891,Miley Cyrus, Wrecking Ball
892,Daft Punk feat. Julian Casablancas, Instant Crush
893,Paul McCartney, New
894,Laura Marling, Master Hunter
895,The National, Sea of Love
896,Pusha T, Numbers On the Boards
897,Kacey Musgraves, Follow Your Arrow
898,Sky Ferreira, Heavy Metal Heart
899,Bruce Springsteen, High Hopes
900,Counting Crows, Dislocation
901,Old 97s, Longer Than You’ve Been Alive
902,Alex G, Harvey​
903,Real Estate, Talking Backwards
904,Katy B, 5 AM
905,Hospitality, I Miss Your Bones
906,St. Vincent, Prince Johnny
907,The New Pornographers, Brill Bruisers
908,FKA Twigs, Two Weeks
909,Ought, Habit
910,Sleater-Kinney, Bury Our Friends
911,Priests, Doctor
912,YG feat. Jeezy, Rich Homie Quan
913,Tom Petty and the Heartbreakers, Faultlines
914,Beverly, Honey Do
915,First Aid Kit, Master Pretender
916,Sylvan Esso, Coffee
917,Jackson Browne, The Birds of St. Marks
918,Maroon 5, Animals
919,EMA, So Blonde
920,Coldplay, Magic
921,Miranda Lambert, Smokin’ and Drinkin'
922,Prince, This Could Be Us
923,Thurston Moore, Grace Lake​
924,Drake, 0 to 100/The Catch Up
925,Caribou, Can’t Do Without You
926,The Black Keys, Gotta Get Away
927,Tove Lo, Habits (Stay High)
928,Lana Del Rey, Brooklyn Baby
929,Weezer, Back to the Shack
930,Old Crow Medicine Show, Sweet Amarillo
931,Iggy Azalea feat. Charli XCX, Fancy
932,Bleachers, I Wanna Get Better
933,Rae Sremmurd, No Flex Zone
934,Beck, Blue Moon
935,Sia, Chandelier
936,Grimes, Go
937,Foo Fighters, Outside
938,Sam Smith, Stay With Me
939,Alvvays, Archie
940,Kendrick Lamar, i
941,Future Islands, Seasons (Waiting On You)
942,Sharon Van Etten, Every Time the Sun Comes Up
943,Bruce Springsteen, Frankie Fell in Love
944,Taylor Swift, Blank Space
945,Jenny Lewis, Just One of the Guys
946,Future feat. Pusha T, Pharrell
947,U2, Every Breaking Wave
948,DJ Snake feat. Lil Jon, Turn Down For What
949,Beyoncé feat. Jay Z, Drunk in Love
950,Damian Marley, ‘Welcome to Jamrock’
951,Gorillaz, ‘Feel Good Inc.’
952,Amy Winehouse, ‘Back to Black’
953,Fleet Foxes, ‘White Winter Hymnal’
954,Lady Gaga, ‘Poker Face’
955,Mary J. Blige, ‘Family Affair’
956,Radiohead, ‘Pyramid Song’
957,Snoop Dogg, ‘Drop It Like It’s Hot’
958,Brad Paisley, ‘Alcohol’
959,Bruce Springsteen, ‘My City of Ruins’
960,Midlake, ‘Roscoe’
961,Bright Eyes, ‘Lua’
962,Jay-Z, ‘Izzo (H.O.V.A.)’
963,The Knife, ‘Heartbeats’
964,Aaliyah, ‘Try Again’
965,The Dirty Projectors, ‘Stillness Is the Move’
966,The Clipse, ‘Grindin
967,The Gossip, ‘Standing in the Way of Control’
968,Jay-Z, ‘Dirt Off Your Shoulder’
969,P!nk, ‘Get The Party Started’
970,Phoenix, ‘1901’
971,Robert Plant and Alison Krauss, ‘Gone Gone Gone’
972,LCD Soundsystem, ‘Daft Punk is Playing at My House
973,Dixie Chicks, ‘Not Ready to Make Nice’
974,Madonna, ‘Hung Up’
975,Arcade Fire, ‘Rebellion (Lies)’
976,TV On the Radio, ‘Wolf Like Me’
977,Queens of the Stone Age, ‘No One Knows’
978,Kings of Leon, ‘Use Somebody’
979,Justice, ‘D.A.N.C.E.’
980,Arctic Monkeys, ‘I Bet You Look Good On The Dance Floor’
981,Santigold, ‘L.E.S. Artistes’
982,Coldplay, ‘Viva La Vida’
983,Wilco, ‘Jesus
984,Madonna, ‘Music’
985,Green Day, ‘Boulevard of Broken Dreams’
986,U2, ‘Vertigo’
987,Lil Wayne, ‘A Milli’
988,Alicia Keys, ‘Fallin
989,Jet, ‘Are You Gonna Be My Girl’
990,Beyoncé, ‘Irreplaceable’
991,The Strokes, ‘Hard to Explain’
992,The White Stripes, ‘Fell In Love With a Girl’
993,The Shins, ‘New Slang’
994,Radiohead, ‘Idioteque’
995,OutKast, ‘Ms. Jackson’
996,Coldplay, ‘The Scientist’
997,The Rapture, ‘House of Jealous Lovers’
998,Christina Aguilera, ‘Beautiful’
999,D’Angelo, ‘Untitled (How Does It Feel)’
